,#Pdb,#Pdb_origin,Partner1,Partner2,Mutation(s)_cleaned,ddG,Label
0,0_6M0J,6M0J,A,E,GE339A,-0.06898,forward
1,1_6M0J,6M0J,A,E,GE339C,-0.36566,forward
2,2_6M0J,6M0J,A,E,GE339D,0.17962,forward
3,3_6M0J,6M0J,A,E,GE339E,0.01619,forward
4,4_6M0J,6M0J,A,E,GE339F,-0.13878,forward
5,5_6M0J,6M0J,A,E,GE339H,-0.00034,forward
6,6_6M0J,6M0J,A,E,GE339I,-0.42983,forward
7,7_6M0J,6M0J,A,E,GE339K,-0.15788,forward
8,8_6M0J,6M0J,A,E,GE339L,-0.41737,forward
9,9_6M0J,6M0J,A,E,GE339M,-0.19208,forward
10,10_6M0J,6M0J,A,E,GE339N,0.03375,forward
11,11_6M0J,6M0J,A,E,GE339P,-0.46223,forward
12,12_6M0J,6M0J,A,E,GE339Q,-0.06485,forward
13,13_6M0J,6M0J,A,E,GE339R,-0.21038,forward
14,14_6M0J,6M0J,A,E,GE339S,0.04148,forward
15,15_6M0J,6M0J,A,E,GE339T,-0.16309,forward
16,16_6M0J,6M0J,A,E,GE339V,-0.36297,forward
17,17_6M0J,6M0J,A,E,GE339W,-0.27445,forward
18,18_6M0J,6M0J,A,E,GE339Y,-0.2286,forward
19,19_6M0J,6M0J,A,E,SE371A,-0.19886,forward
20,20_6M0J,6M0J,A,E,SE371C,-0.27829,forward
21,21_6M0J,6M0J,A,E,SE371D,-0.14619,forward
22,22_6M0J,6M0J,A,E,SE371E,-0.20772,forward
23,23_6M0J,6M0J,A,E,SE371F,-0.27168,forward
24,24_6M0J,6M0J,A,E,SE371G,-0.23904,forward
25,25_6M0J,6M0J,A,E,SE371H,-0.18603,forward
26,26_6M0J,6M0J,A,E,SE371I,-0.259,forward
27,27_6M0J,6M0J,A,E,SE371K,-0.33187,forward
28,28_6M0J,6M0J,A,E,SE371L,-0.28048,forward
29,29_6M0J,6M0J,A,E,SE371M,-0.16284,forward
30,30_6M0J,6M0J,A,E,SE371N,-0.01533,forward
31,31_6M0J,6M0J,A,E,SE371P,-0.2799,forward
32,32_6M0J,6M0J,A,E,SE371Q,-0.12842,forward
33,33_6M0J,6M0J,A,E,SE371R,-0.15648,forward
34,34_6M0J,6M0J,A,E,SE371T,-0.11402,forward
35,35_6M0J,6M0J,A,E,SE371V,-0.21779,forward
36,36_6M0J,6M0J,A,E,SE371W,-0.17826,forward
37,37_6M0J,6M0J,A,E,SE371Y,-0.14208,forward
38,38_6M0J,6M0J,A,E,SE373A,0.04696,forward
39,39_6M0J,6M0J,A,E,SE373C,-0.22826,forward
40,40_6M0J,6M0J,A,E,SE373D,-0.14448,forward
41,41_6M0J,6M0J,A,E,SE373E,-0.12116,forward
42,42_6M0J,6M0J,A,E,SE373F,-0.06339,forward
43,43_6M0J,6M0J,A,E,SE373G,-0.057,forward
44,44_6M0J,6M0J,A,E,SE373H,0.07277,forward
45,45_6M0J,6M0J,A,E,SE373I,-0.14138,forward
46,46_6M0J,6M0J,A,E,SE373K,0.09847,forward
47,47_6M0J,6M0J,A,E,SE373L,-0.05331,forward
48,48_6M0J,6M0J,A,E,SE373M,0.00342,forward
49,49_6M0J,6M0J,A,E,SE373N,-0.45188,forward
50,50_6M0J,6M0J,A,E,SE373P,-0.02339,forward
51,51_6M0J,6M0J,A,E,SE373Q,0.06467,forward
52,52_6M0J,6M0J,A,E,SE373R,0.07078,forward
53,53_6M0J,6M0J,A,E,SE373T,0.0023,forward
54,54_6M0J,6M0J,A,E,SE373V,-0.08286,forward
55,55_6M0J,6M0J,A,E,SE373W,-0.1164,forward
56,56_6M0J,6M0J,A,E,SE373Y,0.00676,forward
57,57_6M0J,6M0J,A,E,SE375A,-0.19425,forward
58,58_6M0J,6M0J,A,E,SE375C,-0.4821,forward
59,59_6M0J,6M0J,A,E,SE375D,-0.06138,forward
60,60_6M0J,6M0J,A,E,SE375E,-0.17207,forward
61,61_6M0J,6M0J,A,E,SE375F,-0.50468,forward
62,62_6M0J,6M0J,A,E,SE375G,-0.26598,forward
63,63_6M0J,6M0J,A,E,SE375H,-0.2325,forward
64,64_6M0J,6M0J,A,E,SE375I,-0.82268,forward
65,65_6M0J,6M0J,A,E,SE375K,-0.34379,forward
66,66_6M0J,6M0J,A,E,SE375L,-0.62403,forward
67,67_6M0J,6M0J,A,E,SE375M,-0.38518,forward
68,68_6M0J,6M0J,A,E,SE375N,-0.18024,forward
69,69_6M0J,6M0J,A,E,SE375P,-0.43406,forward
70,70_6M0J,6M0J,A,E,SE375Q,-0.12085,forward
71,71_6M0J,6M0J,A,E,SE375R,-0.36133,forward
72,72_6M0J,6M0J,A,E,SE375T,-0.15307,forward
73,73_6M0J,6M0J,A,E,SE375V,-0.50533,forward
74,74_6M0J,6M0J,A,E,SE375W,-0.5281,forward
75,75_6M0J,6M0J,A,E,SE375Y,-0.38811,forward
76,76_6M0J,6M0J,A,E,KE417A,-0.61637,forward
77,77_6M0J,6M0J,A,E,KE417C,-0.53595,forward
78,78_6M0J,6M0J,A,E,KE417D,-1.3923,forward
79,79_6M0J,6M0J,A,E,KE417E,-1.10436,forward
80,80_6M0J,6M0J,A,E,KE417F,-0.11017,forward
81,81_6M0J,6M0J,A,E,KE417G,-0.9359,forward
82,82_6M0J,6M0J,A,E,KE417H,-0.42746,forward
83,83_6M0J,6M0J,A,E,KE417I,-0.34963,forward
84,84_6M0J,6M0J,A,E,KE417L,-0.51001,forward
85,85_6M0J,6M0J,A,E,KE417M,-0.61102,forward
86,86_6M0J,6M0J,A,E,KE417N,-0.68626,forward
87,87_6M0J,6M0J,A,E,KE417P,-0.5205,forward
88,88_6M0J,6M0J,A,E,KE417Q,-0.98915,forward
89,89_6M0J,6M0J,A,E,KE417R,-0.37582,forward
90,90_6M0J,6M0J,A,E,KE417S,-0.73126,forward
91,91_6M0J,6M0J,A,E,KE417T,-0.46268,forward
92,92_6M0J,6M0J,A,E,KE417V,-0.58586,forward
93,93_6M0J,6M0J,A,E,KE417W,-0.62597,forward
94,94_6M0J,6M0J,A,E,KE417Y,-0.25591,forward
95,95_6M0J,6M0J,A,E,NE440A,-0.02953,forward
96,96_6M0J,6M0J,A,E,NE440C,-0.38435,forward
97,97_6M0J,6M0J,A,E,NE440D,-0.12627,forward
98,98_6M0J,6M0J,A,E,NE440E,-0.16631,forward
99,99_6M0J,6M0J,A,E,NE440F,-0.07054,forward
100,100_6M0J,6M0J,A,E,NE440G,-0.00447,forward
101,101_6M0J,6M0J,A,E,NE440H,0.14776,forward
102,102_6M0J,6M0J,A,E,NE440I,-0.21041,forward
103,103_6M0J,6M0J,A,E,NE440K,0.26963,forward
104,104_6M0J,6M0J,A,E,NE440L,-0.0649,forward
105,105_6M0J,6M0J,A,E,NE440M,-0.18974,forward
106,106_6M0J,6M0J,A,E,NE440P,-0.16873,forward
107,107_6M0J,6M0J,A,E,NE440Q,-0.06535,forward
108,108_6M0J,6M0J,A,E,NE440R,0.10191,forward
109,109_6M0J,6M0J,A,E,NE440S,0.00445,forward
110,110_6M0J,6M0J,A,E,NE440T,-0.15758,forward
111,111_6M0J,6M0J,A,E,NE440V,-0.03531,forward
112,112_6M0J,6M0J,A,E,NE440W,-0.27753,forward
113,113_6M0J,6M0J,A,E,NE440Y,-0.05494,forward
114,114_6M0J,6M0J,A,E,GE446A,-0.51824,forward
115,115_6M0J,6M0J,A,E,GE446C,-1.37587,forward
116,116_6M0J,6M0J,A,E,GE446D,-0.47957,forward
117,117_6M0J,6M0J,A,E,GE446E,-0.32714,forward
118,118_6M0J,6M0J,A,E,GE446F,-0.80998,forward
119,119_6M0J,6M0J,A,E,GE446H,-0.10046,forward
120,120_6M0J,6M0J,A,E,GE446I,-0.53013,forward
121,121_6M0J,6M0J,A,E,GE446K,-0.18824,forward
122,122_6M0J,6M0J,A,E,GE446L,-0.4611,forward
123,123_6M0J,6M0J,A,E,GE446M,-0.58955,forward
124,124_6M0J,6M0J,A,E,GE446N,-0.10618,forward
125,125_6M0J,6M0J,A,E,GE446P,-0.02202,forward
126,126_6M0J,6M0J,A,E,GE446Q,-0.30923,forward
127,127_6M0J,6M0J,A,E,GE446R,-0.44646,forward
128,128_6M0J,6M0J,A,E,GE446S,-0.33354,forward
129,129_6M0J,6M0J,A,E,GE446T,-0.33357,forward
130,130_6M0J,6M0J,A,E,GE446V,-0.38806,forward
131,131_6M0J,6M0J,A,E,GE446W,-0.82186,forward
132,132_6M0J,6M0J,A,E,GE446Y,-0.37067,forward
133,133_6M0J,6M0J,A,E,SE477A,-0.07506,forward
134,134_6M0J,6M0J,A,E,SE477C,-0.3437,forward
135,135_6M0J,6M0J,A,E,SE477D,0.08404,forward
136,136_6M0J,6M0J,A,E,SE477E,-0.13249,forward
137,137_6M0J,6M0J,A,E,SE477F,-0.0948,forward
138,138_6M0J,6M0J,A,E,SE477G,0.02772,forward
139,139_6M0J,6M0J,A,E,SE477H,-0.05255,forward
140,140_6M0J,6M0J,A,E,SE477I,-0.12936,forward
141,141_6M0J,6M0J,A,E,SE477K,-0.27656,forward
142,142_6M0J,6M0J,A,E,SE477L,-0.24581,forward
143,143_6M0J,6M0J,A,E,SE477M,-0.06304,forward
144,144_6M0J,6M0J,A,E,SE477N,0.6677,forward
145,145_6M0J,6M0J,A,E,SE477P,0.55279,forward
146,146_6M0J,6M0J,A,E,SE477Q,-0.039,forward
147,147_6M0J,6M0J,A,E,SE477R,-0.03746,forward
148,148_6M0J,6M0J,A,E,SE477T,0.08674,forward
149,149_6M0J,6M0J,A,E,SE477V,-0.07405,forward
150,150_6M0J,6M0J,A,E,SE477W,0.39705,forward
151,151_6M0J,6M0J,A,E,SE477Y,-0.11317,forward
152,152_6M0J,6M0J,A,E,TE478A,-0.08797,forward
153,153_6M0J,6M0J,A,E,TE478C,-0.24644,forward
154,154_6M0J,6M0J,A,E,TE478D,-0.07005,forward
155,155_6M0J,6M0J,A,E,TE478E,-0.15208,forward
156,156_6M0J,6M0J,A,E,TE478F,-0.29617,forward
157,157_6M0J,6M0J,A,E,TE478G,-0.1112,forward
158,158_6M0J,6M0J,A,E,TE478H,-0.2086,forward
159,159_6M0J,6M0J,A,E,TE478I,-0.18483,forward
160,160_6M0J,6M0J,A,E,TE478K,0.05094,forward
161,161_6M0J,6M0J,A,E,TE478L,0.02441,forward
162,162_6M0J,6M0J,A,E,TE478M,-0.16585,forward
163,163_6M0J,6M0J,A,E,TE478N,-0.05895,forward
164,164_6M0J,6M0J,A,E,TE478P,-0.37111,forward
165,165_6M0J,6M0J,A,E,TE478Q,0.00855,forward
166,166_6M0J,6M0J,A,E,TE478R,-0.01227,forward
167,167_6M0J,6M0J,A,E,TE478S,-0.09215,forward
168,168_6M0J,6M0J,A,E,TE478V,-0.09751,forward
169,169_6M0J,6M0J,A,E,TE478W,-0.32068,forward
170,170_6M0J,6M0J,A,E,TE478Y,-0.16649,forward
171,171_6M0J,6M0J,A,E,EE484A,-0.27638,forward
172,172_6M0J,6M0J,A,E,EE484C,-0.52498,forward
173,173_6M0J,6M0J,A,E,EE484D,-0.3568,forward
174,174_6M0J,6M0J,A,E,EE484F,-1.99476,forward
175,175_6M0J,6M0J,A,E,EE484G,-0.21659,forward
176,176_6M0J,6M0J,A,E,EE484H,-1.08381,forward
177,177_6M0J,6M0J,A,E,EE484I,-0.9568,forward
178,178_6M0J,6M0J,A,E,EE484K,0.24095,forward
179,179_6M0J,6M0J,A,E,EE484L,-1.16148,forward
180,180_6M0J,6M0J,A,E,EE484M,-0.48351,forward
181,181_6M0J,6M0J,A,E,EE484N,-0.36675,forward
182,182_6M0J,6M0J,A,E,EE484P,-0.55396,forward
183,183_6M0J,6M0J,A,E,EE484Q,-0.03599,forward
184,184_6M0J,6M0J,A,E,EE484R,0.05703,forward
185,185_6M0J,6M0J,A,E,EE484S,-0.02766,forward
186,186_6M0J,6M0J,A,E,EE484T,-0.03133,forward
187,187_6M0J,6M0J,A,E,EE484V,-1.09099,forward
188,188_6M0J,6M0J,A,E,EE484W,-1.1527,forward
189,189_6M0J,6M0J,A,E,EE484Y,-1.62823,forward
190,190_6M0J,6M0J,A,E,QE493A,0.76801,forward
191,191_6M0J,6M0J,A,E,QE493C,0.46914,forward
192,192_6M0J,6M0J,A,E,QE493D,-2.48963,forward
193,193_6M0J,6M0J,A,E,QE493E,-0.9779,forward
194,194_6M0J,6M0J,A,E,QE493F,1.48074,forward
195,195_6M0J,6M0J,A,E,QE493G,0.22925,forward
196,196_6M0J,6M0J,A,E,QE493H,0.1466,forward
197,197_6M0J,6M0J,A,E,QE493I,0.05262,forward
198,198_6M0J,6M0J,A,E,QE493K,-0.09628,forward
199,199_6M0J,6M0J,A,E,QE493L,0.46479,forward
200,200_6M0J,6M0J,A,E,QE493M,0.64591,forward
201,201_6M0J,6M0J,A,E,QE493N,-0.44862,forward
202,202_6M0J,6M0J,A,E,QE493P,-0.32014,forward
203,203_6M0J,6M0J,A,E,QE493R,-0.29555,forward
204,204_6M0J,6M0J,A,E,QE493S,-0.19097,forward
205,205_6M0J,6M0J,A,E,QE493T,0.2985,forward
206,206_6M0J,6M0J,A,E,QE493V,1.86324,forward
207,207_6M0J,6M0J,A,E,QE493W,-0.24219,forward
208,208_6M0J,6M0J,A,E,QE493Y,1.03962,forward
209,209_6M0J,6M0J,A,E,GE496A,-0.89866,forward
210,210_6M0J,6M0J,A,E,GE496C,-2.23784,forward
211,211_6M0J,6M0J,A,E,GE496D,-3.07738,forward
212,212_6M0J,6M0J,A,E,GE496E,-3.1692,forward
213,213_6M0J,6M0J,A,E,GE496F,-3.34349,forward
214,214_6M0J,6M0J,A,E,GE496H,-2.90575,forward
215,215_6M0J,6M0J,A,E,GE496I,-2.3343,forward
216,216_6M0J,6M0J,A,E,GE496K,-3.00493,forward
217,217_6M0J,6M0J,A,E,GE496L,-3.05068,forward
218,218_6M0J,6M0J,A,E,GE496M,-2.61572,forward
219,219_6M0J,6M0J,A,E,GE496N,-0.69839,forward
220,220_6M0J,6M0J,A,E,GE496P,-3.0824,forward
221,221_6M0J,6M0J,A,E,GE496Q,-2.01155,forward
222,222_6M0J,6M0J,A,E,GE496R,-3.04758,forward
223,223_6M0J,6M0J,A,E,GE496S,-0.92165,forward
224,224_6M0J,6M0J,A,E,GE496T,-2.41767,forward
225,225_6M0J,6M0J,A,E,GE496V,-1.67928,forward
226,226_6M0J,6M0J,A,E,GE496W,-3.09593,forward
227,227_6M0J,6M0J,A,E,GE496Y,-2.90394,forward
228,228_6M0J,6M0J,A,E,QE498A,-0.16009,forward
229,229_6M0J,6M0J,A,E,QE498C,-2.14363,forward
230,230_6M0J,6M0J,A,E,QE498D,-2.78945,forward
231,231_6M0J,6M0J,A,E,QE498E,-1.61978,forward
232,232_6M0J,6M0J,A,E,QE498F,-0.0376,forward
233,233_6M0J,6M0J,A,E,QE498G,-1.00413,forward
234,234_6M0J,6M0J,A,E,QE498H,0.55026,forward
235,235_6M0J,6M0J,A,E,QE498I,-3.03613,forward
236,236_6M0J,6M0J,A,E,QE498K,-3.55559,forward
237,237_6M0J,6M0J,A,E,QE498L,-3.20229,forward
238,238_6M0J,6M0J,A,E,QE498M,-1.02826,forward
239,239_6M0J,6M0J,A,E,QE498N,-0.93694,forward
240,240_6M0J,6M0J,A,E,QE498P,-3.4832,forward
241,241_6M0J,6M0J,A,E,QE498R,-0.26827,forward
242,242_6M0J,6M0J,A,E,QE498S,-0.35243,forward
243,243_6M0J,6M0J,A,E,QE498T,-1.17038,forward
244,244_6M0J,6M0J,A,E,QE498V,-2.79439,forward
245,245_6M0J,6M0J,A,E,QE498W,0.47742,forward
246,246_6M0J,6M0J,A,E,QE498Y,0.34805,forward
247,247_6M0J,6M0J,A,E,NE501A,-0.36265,forward
248,248_6M0J,6M0J,A,E,NE501C,-0.41401,forward
249,249_6M0J,6M0J,A,E,NE501D,-3.49014,forward
250,250_6M0J,6M0J,A,E,NE501E,-1.46217,forward
251,251_6M0J,6M0J,A,E,NE501F,1.46449,forward
252,252_6M0J,6M0J,A,E,NE501G,-1.71392,forward
253,253_6M0J,6M0J,A,E,NE501H,0.01376,forward
254,254_6M0J,6M0J,A,E,NE501I,-0.20464,forward
255,255_6M0J,6M0J,A,E,NE501K,-3.47379,forward
256,256_6M0J,6M0J,A,E,NE501L,-2.27746,forward
257,257_6M0J,6M0J,A,E,NE501M,0.59807,forward
258,258_6M0J,6M0J,A,E,NE501P,-2.88838,forward
259,259_6M0J,6M0J,A,E,NE501Q,-0.3228,forward
260,260_6M0J,6M0J,A,E,NE501R,-2.99021,forward
261,261_6M0J,6M0J,A,E,NE501S,-0.37523,forward
262,262_6M0J,6M0J,A,E,NE501T,0.8128,forward
263,263_6M0J,6M0J,A,E,NE501V,0.41147,forward
264,264_6M0J,6M0J,A,E,NE501W,0.44344,forward
265,265_6M0J,6M0J,A,E,NE501Y,1.04213,forward
266,266_6M0J,6M0J,A,E,YE505A,-3.38174,forward
267,267_6M0J,6M0J,A,E,YE505C,-3.33942,forward
268,268_6M0J,6M0J,A,E,YE505D,-2.9172,forward
269,269_6M0J,6M0J,A,E,YE505E,-3.72805,forward
270,270_6M0J,6M0J,A,E,YE505F,-0.42927,forward
271,271_6M0J,6M0J,A,E,YE505G,-3.5475,forward
272,272_6M0J,6M0J,A,E,YE505H,-1.20626,forward
273,273_6M0J,6M0J,A,E,YE505I,-3.65046,forward
274,274_6M0J,6M0J,A,E,YE505K,-3.59865,forward
275,275_6M0J,6M0J,A,E,YE505L,-3.77473,forward
276,276_6M0J,6M0J,A,E,YE505M,-3.70105,forward
277,277_6M0J,6M0J,A,E,YE505N,-3.47805,forward
278,278_6M0J,6M0J,A,E,YE505P,-3.43784,forward
279,279_6M0J,6M0J,A,E,YE505Q,-3.52845,forward
280,280_6M0J,6M0J,A,E,YE505R,-3.53511,forward
281,281_6M0J,6M0J,A,E,YE505S,-3.77161,forward
282,282_6M0J,6M0J,A,E,YE505T,-3.39104,forward
283,283_6M0J,6M0J,A,E,YE505V,-3.57576,forward
284,284_6M0J,6M0J,A,E,YE505W,0.54611,forward
